نام خودرو,سال,کارکرد,شهر,قیمت
تویوتا، لندکروز چهار در,2020,کارکرد صفر,تهران / زعفرانیه,توافقی
تویوتا، لندکروز چهار در,2020,کارکرد صفر,تهران / زعفرانیه,توافقی
تویوتا، لندکروز چهار در,2020,کارکرد صفر,تهران / زعفرانیه,توافقی
تویوتا، لندکروز چهار در,2020,کارکرد صفر,تهران / زعفرانیه,توافقی
تویوتا، لندکروز چهار در,2020,کارکرد صفر,تهران / زعفرانیه,توافقی
تویوتا، لندکروز چهار در,2020,کارکرد صفر,تهران / زعفرانیه,توافقی
تویوتا، لندکروز چهار در,2020,کارکرد صفر,تهران / زعفرانیه,توافقی
تویوتا، لندکروز چهار در,2020,کارکرد صفر,تهران / زعفرانیه,توافقی
تویوتا، لندکروز چهار در,2020,کارکرد صفر,تهران / زعفرانیه,توافقی
تویوتا، لندکروز چهار در,2020,کارکرد صفر,تهران / زعفرانیه,توافقی
تویوتا، لندکروز چهار در,2020,کارکرد صفر,تهران / زعفرانیه,توافقی
تویوتا، لندکروز چهار در,2020,کارکرد صفر,تهران / زعفرانیه,توافقی
تویوتا، لندکروز چهار در,2020,کارکرد صفر,تهران / زعفرانیه,توافقی
تویوتا، لندکروز چهار در,2020,کارکرد صفر,تهران / زعفرانیه,توافقی
تویوتا، لندکروز چهار در,2020,کارکرد صفر,تهران / زعفرانیه,توافقی
تویوتا، لندکروز چهار در,2020,کارکرد صفر,تهران / زعفرانیه,توافقی
تویوتا، لندکروز چهار در,2020,کارکرد صفر,تهران / زعفرانیه,توافقی
تویوتا، لندکروز چهار در,2020,کارکرد صفر,تهران / زعفرانیه,توافقی
تویوتا، لندکروز چهار در,2020,کارکرد صفر,تهران / زعفرانیه,توافقی
تویوتا، لندکروز چهار در,2020,کارکرد صفر,تهران / زعفرانیه,توافقی
تویوتا، لندکروز چهار در,2020,کارکرد صفر,تهران / زعفرانیه,توافقی
تویوتا، لندکروز چهار در,2020,کارکرد صفر,تهران / زعفرانیه,توافقی
تویوتا، لندکروز چهار در,2020,کارکرد صفر,تهران / زعفرانیه,توافقی
تویوتا، لندکروز چهار در,2020,کارکرد صفر,تهران / زعفرانیه,توافقی
تویوتا، لندکروز چهار در,2020,کارکرد صفر,تهران / زعفرانیه,توافقی
تویوتا، لندکروز چهار در,2020,کارکرد صفر,تهران / زعفرانیه,توافقی
تویوتا، لندکروز چهار در,2020,کارکرد صفر,تهران / زعفرانیه,توافقی
تویوتا، لندکروز چهار در,2020,کارکرد صفر,تهران / زعفرانیه,توافقی
تویوتا، لندکروز چهار در,2020,کارکرد صفر,تهران / زعفرانیه,توافقی
تویوتا، لندکروز چهار در,2020,کارکرد صفر,تهران / زعفرانیه,توافقی
تویوتا، لندکروز چهار در,2020,کارکرد صفر,تهران / زعفرانیه,توافقی
تویوتا، لندکروز چهار در,2020,کارکرد صفر,تهران / زعفرانیه,توافقی
تویوتا، لندکروز چهار در,2020,کارکرد صفر,تهران / زعفرانیه,توافقی
تویوتا، لندکروز چهار در,2020,کارکرد صفر,تهران / زعفرانیه,توافقی
تویوتا، لندکروز چهار در,2020,کارکرد صفر,تهران / زعفرانیه,توافقی
تویوتا، لندکروز چهار در,2020,کارکرد صفر,تهران / زعفرانیه,توافقی
تویوتا، لندکروز چهار در,2020,کارکرد صفر,تهران / زعفرانیه,توافقی
تویوتا، لندکروز چهار در,2020,کارکرد صفر,تهران / زعفرانیه,توافقی
تویوتا، لندکروز چهار در,2020,کارکرد صفر,تهران / زعفرانیه,توافقی
تویوتا، لندکروز چهار در,2020,کارکرد صفر,تهران / زعفرانیه,توافقی
تویوتا، لندکروز چهار در,2020,کارکرد صفر,تهران / زعفرانیه,توافقی
تویوتا، لندکروز چهار در,2020,کارکرد صفر,تهران / زعفرانیه,توافقی
تویوتا، لندکروز چهار در,2020,کارکرد صفر,تهران / زعفرانیه,توافقی
تویوتا، لندکروز چهار در,2020,کارکرد صفر,تهران / زعفرانیه,توافقی
تویوتا، لندکروز چهار در,2020,کارکرد صفر,تهران / زعفرانیه,توافقی
تویوتا، لندکروز چهار در,2020,کارکرد صفر,تهران / زعفرانیه,توافقی
تویوتا، لندکروز چهار در,2020,کارکرد صفر,تهران / زعفرانیه,توافقی
تویوتا، لندکروز چهار در,2020,کارکرد صفر,تهران / زعفرانیه,توافقی
تویوتا، لندکروز چهار در,2020,کارکرد صفر,تهران / زعفرانیه,توافقی
تویوتا، لندکروز چهار در,2020,کارکرد صفر,تهران / زعفرانیه,توافقی
تویوتا، لندکروز چهار در,2020,کارکرد صفر,تهران / زعفرانیه,توافقی
تویوتا، لندکروز چهار در,2020,کارکرد صفر,تهران / زعفرانیه,توافقی
تویوتا، لندکروز چهار در,2020,کارکرد صفر,تهران / زعفرانیه,توافقی
تویوتا، لندکروز چهار در,2020,کارکرد صفر,تهران / زعفرانیه,توافقی
تویوتا، لندکروز چهار در,2020,کارکرد صفر,تهران / زعفرانیه,توافقی
تویوتا، لندکروز چهار در,2020,کارکرد صفر,تهران / زعفرانیه,توافقی
تویوتا، لندکروز چهار در,2020,کارکرد صفر,تهران / زعفرانیه,توافقی
تویوتا، لندکروز چهار در,2020,کارکرد صفر,تهران / زعفرانیه,توافقی
تویوتا، لندکروز چهار در,2020,کارکرد صفر,تهران / زعفرانیه,توافقی
تویوتا، لندکروز چهار در,2020,کارکرد صفر,تهران / زعفرانیه,توافقی
تویوتا، لندکروز چهار در,2020,کارکرد صفر,تهران / زعفرانیه,توافقی
تویوتا، لندکروز چهار در,2020,کارکرد صفر,تهران / زعفرانیه,توافقی
تویوتا، لندکروز چهار در,2020,کارکرد صفر,تهران / زعفرانیه,توافقی
تویوتا، لندکروز چهار در,2020,کارکرد صفر,تهران / زعفرانیه,توافقی
تویوتا، لندکروز چهار در,2020,کارکرد صفر,تهران / زعفرانیه,توافقی
تویوتا، لندکروز چهار در,2020,کارکرد صفر,تهران / زعفرانیه,توافقی
تویوتا، لندکروز چهار در,2020,کارکرد صفر,تهران / زعفرانیه,توافقی
تویوتا، لندکروز چهار در,2020,کارکرد صفر,تهران / زعفرانیه,توافقی
تویوتا، لندکروز چهار در,2020,کارکرد صفر,تهران / زعفرانیه,توافقی
تویوتا، لندکروز چهار در,2020,کارکرد صفر,تهران / زعفرانیه,توافقی
تویوتا، لندکروز چهار در,2020,کارکرد صفر,تهران / زعفرانیه,توافقی
تویوتا، لندکروز چهار در,2020,کارکرد صفر,تهران / زعفرانیه,توافقی
تویوتا، لندکروز چهار در,2020,کارکرد صفر,تهران / زعفرانیه,توافقی
تویوتا، لندکروز چهار در,2020,کارکرد صفر,تهران / زعفرانیه,توافقی
تویوتا، لندکروز چهار در,2020,کارکرد صفر,تهران / زعفرانیه,توافقی
تویوتا، لندکروز چهار در,2020,کارکرد صفر,تهران / زعفرانیه,توافقی
تویوتا، لندکروز چهار در,2020,کارکرد صفر,تهران / زعفرانیه,توافقی
تویوتا، لندکروز چهار در,2020,کارکرد صفر,تهران / زعفرانیه,توافقی
تویوتا، لندکروز چهار در,2020,کارکرد صفر,تهران / زعفرانیه,توافقی
تویوتا، لندکروز چهار در,2020,کارکرد صفر,تهران / زعفرانیه,توافقی
تویوتا، لندکروز چهار در,2020,کارکرد صفر,تهران / زعفرانیه,توافقی
تویوتا، لندکروز چهار در,2020,کارکرد صفر,تهران / زعفرانیه,توافقی
تویوتا، لندکروز چهار در,2020,کارکرد صفر,تهران / زعفرانیه,توافقی
تویوتا، لندکروز چهار در,2020,کارکرد صفر,تهران / زعفرانیه,توافقی
تویوتا، لندکروز چهار در,2020,کارکرد صفر,تهران / زعفرانیه,توافقی
تویوتا، لندکروز چهار در,2020,کارکرد صفر,تهران / زعفرانیه,توافقی
تویوتا، لندکروز چهار در,2020,کارکرد صفر,تهران / زعفرانیه,توافقی
تویوتا، لندکروز چهار در,2020,کارکرد صفر,تهران / زعفرانیه,توافقی
تویوتا، لندکروز چهار در,2020,کارکرد صفر,تهران / زعفرانیه,توافقی
تویوتا، لندکروز چهار در,2020,کارکرد صفر,تهران / زعفرانیه,توافقی
تویوتا، لندکروز چهار در,2020,کارکرد صفر,تهران / زعفرانیه,توافقی
تویوتا، لندکروز چهار در,2020,کارکرد صفر,تهران / زعفرانیه,توافقی
تویوتا، لندکروز چهار در,2020,کارکرد صفر,تهران / زعفرانیه,توافقی
تویوتا، لندکروز چهار در,2020,کارکرد صفر,تهران / زعفرانیه,توافقی
تویوتا، لندکروز چهار در,2020,کارکرد صفر,تهران / زعفرانیه,توافقی
تویوتا، لندکروز چهار در,2020,کارکرد صفر,تهران / زعفرانیه,توافقی
تویوتا، لندکروز چهار در,2020,کارکرد صفر,تهران / زعفرانیه,توافقی
تویوتا، لندکروز چهار در,2020,کارکرد صفر,تهران / زعفرانیه,توافقی
تویوتا، لندکروز چهار در,2020,کارکرد صفر,تهران / زعفرانیه,توافقی
تویوتا، لندکروز چهار در,2020,کارکرد صفر,تهران / زعفرانیه,توافقی
تویوتا، لندکروز چهار در,2020,کارکرد صفر,تهران / زعفرانیه,توافقی
تویوتا، لندکروز چهار در,2020,کارکرد صفر,تهران / زعفرانیه,توافقی
تویوتا، لندکروز چهار در,2020,کارکرد صفر,تهران / زعفرانیه,توافقی
تویوتا، لندکروز چهار در,2020,کارکرد صفر,تهران / زعفرانیه,توافقی
تویوتا، لندکروز چهار در,2020,کارکرد صفر,تهران / زعفرانیه,توافقی
تویوتا، لندکروز چهار در,2020,کارکرد صفر,تهران / زعفرانیه,توافقی
تویوتا، لندکروز چهار در,2020,کارکرد صفر,تهران / زعفرانیه,توافقی
تویوتا، لندکروز چهار در,2020,کارکرد صفر,تهران / زعفرانیه,توافقی
تویوتا، لندکروز چهار در,2020,کارکرد صفر,تهران / زعفرانیه,توافقی
تویوتا، لندکروز چهار در,2020,کارکرد صفر,تهران / زعفرانیه,توافقی
تویوتا، لندکروز چهار در,2020,کارکرد صفر,تهران / زعفرانیه,توافقی
تویوتا، لندکروز چهار در,2020,کارکرد صفر,تهران / زعفرانیه,توافقی
تویوتا، لندکروز چهار در,2020,کارکرد صفر,تهران / زعفرانیه,توافقی
تویوتا، لندکروز چهار در,2020,کارکرد صفر,تهران / زعفرانیه,توافقی
تویوتا، لندکروز چهار در,2020,کارکرد صفر,تهران / زعفرانیه,توافقی
تویوتا، لندکروز چهار در,2020,کارکرد صفر,تهران / زعفرانیه,توافقی
تویوتا، لندکروز چهار در,2020,کارکرد صفر,تهران / زعفرانیه,توافقی
تویوتا، لندکروز چهار در,2020,کارکرد صفر,تهران / زعفرانیه,توافقی
تویوتا، لندکروز چهار در,2020,کارکرد صفر,تهران / زعفرانیه,توافقی
تویوتا، لندکروز چهار در,2020,کارکرد صفر,تهران / زعفرانیه,توافقی
تویوتا، لندکروز چهار در,2020,کارکرد صفر,تهران / زعفرانیه,توافقی
تویوتا، لندکروز چهار در,2020,کارکرد صفر,تهران / زعفرانیه,توافقی
تویوتا، لندکروز چهار در,2020,کارکرد صفر,تهران / زعفرانیه,توافقی
تویوتا، لندکروز چهار در,2020,کارکرد صفر,تهران / زعفرانیه,توافقی
تویوتا، لندکروز چهار در,2020,کارکرد صفر,تهران / زعفرانیه,توافقی
تویوتا، لندکروز چهار در,2020,کارکرد صفر,تهران / زعفرانیه,توافقی
تویوتا، لندکروز چهار در,2020,کارکرد صفر,تهران / زعفرانیه,توافقی
تویوتا، لندکروز چهار در,2020,کارکرد صفر,تهران / زعفرانیه,توافقی
تویوتا، لندکروز چهار در,2020,کارکرد صفر,تهران / زعفرانیه,توافقی
تویوتا، لندکروز چهار در,2020,کارکرد صفر,تهران / زعفرانیه,توافقی
تویوتا، لندکروز چهار در,2020,کارکرد صفر,تهران / زعفرانیه,توافقی
تویوتا، لندکروز چهار در,2020,کارکرد صفر,تهران / زعفرانیه,توافقی
تویوتا، لندکروز چهار در,2020,کارکرد صفر,تهران / زعفرانیه,توافقی
تویوتا، لندکروز چهار در,2020,کارکرد صفر,تهران / زعفرانیه,توافقی
تویوتا، لندکروز چهار در,2020,کارکرد صفر,تهران / زعفرانیه,توافقی
تویوتا، لندکروز چهار در,2020,کارکرد صفر,تهران / زعفرانیه,توافقی
تویوتا، لندکروز چهار در,2020,کارکرد صفر,تهران / زعفرانیه,توافقی
تویوتا، لندکروز چهار در,2020,کارکرد صفر,تهران / زعفرانیه,توافقی
تویوتا، لندکروز چهار در,2020,کارکرد صفر,تهران / زعفرانیه,توافقی
تویوتا، لندکروز چهار در,2020,کارکرد صفر,تهران / زعفرانیه,توافقی
تویوتا، لندکروز چهار در,2020,کارکرد صفر,تهران / زعفرانیه,توافقی
تویوتا، لندکروز چهار در,2020,کارکرد صفر,تهران / زعفرانیه,توافقی
تویوتا، لندکروز چهار در,2020,کارکرد صفر,تهران / زعفرانیه,توافقی
تویوتا، لندکروز چهار در,2020,کارکرد صفر,تهران / زعفرانیه,توافقی
تویوتا، لندکروز چهار در,2020,کارکرد صفر,تهران / زعفرانیه,توافقی
تویوتا، لندکروز چهار در,2020,کارکرد صفر,تهران / زعفرانیه,توافقی
تویوتا، لندکروز چهار در,2020,کارکرد صفر,تهران / زعفرانیه,توافقی
تویوتا، لندکروز چهار در,2020,کارکرد صفر,تهران / زعفرانیه,توافقی
تویوتا، لندکروز چهار در,2020,کارکرد صفر,تهران / زعفرانیه,توافقی
تویوتا، لندکروز چهار در,2020,کارکرد صفر,تهران / زعفرانیه,توافقی
تویوتا، لندکروز چهار در,2020,کارکرد صفر,تهران / زعفرانیه,توافقی
تویوتا، لندکروز چهار در,2020,کارکرد صفر,تهران / زعفرانیه,توافقی
تویوتا، لندکروز چهار در,2020,کارکرد صفر,تهران / زعفرانیه,توافقی
تویوتا، لندکروز چهار در,2020,کارکرد صفر,تهران / زعفرانیه,توافقی
تویوتا، لندکروز چهار در,2020,کارکرد صفر,تهران / زعفرانیه,توافقی
تویوتا، لندکروز چهار در,2020,کارکرد صفر,تهران / زعفرانیه,توافقی
تویوتا، لندکروز چهار در,2020,کارکرد صفر,تهران / زعفرانیه,توافقی
تویوتا، لندکروز چهار در,2020,کارکرد صفر,تهران / زعفرانیه,توافقی
تویوتا، لندکروز چهار در,2020,کارکرد صفر,تهران / زعفرانیه,توافقی
تویوتا، لندکروز چهار در,2020,کارکرد صفر,تهران / زعفرانیه,توافقی
تویوتا، لندکروز چهار در,2020,کارکرد صفر,تهران / زعفرانیه,توافقی
تویوتا، لندکروز چهار در,2020,کارکرد صفر,تهران / زعفرانیه,توافقی
تویوتا، لندکروز چهار در,2020,کارکرد صفر,تهران / زعفرانیه,توافقی
تویوتا، لندکروز چهار در,2020,کارکرد صفر,تهران / زعفرانیه,توافقی
تویوتا، لندکروز چهار در,2020,کارکرد صفر,تهران / زعفرانیه,توافقی
تویوتا، لندکروز چهار در,2020,کارکرد صفر,تهران / زعفرانیه,توافقی
تویوتا، لندکروز چهار در,2020,کارکرد صفر,تهران / زعفرانیه,توافقی
تویوتا، لندکروز چهار در,2020,کارکرد صفر,تهران / زعفرانیه,توافقی
تویوتا، لندکروز چهار در,2020,کارکرد صفر,تهران / زعفرانیه,توافقی
تویوتا، لندکروز چهار در,2020,کارکرد صفر,تهران / زعفرانیه,توافقی
تویوتا، لندکروز چهار در,2020,کارکرد صفر,تهران / زعفرانیه,توافقی
تویوتا، لندکروز چهار در,2020,کارکرد صفر,تهران / زعفرانیه,توافقی
تویوتا، لندکروز چهار در,2020,کارکرد صفر,تهران / زعفرانیه,توافقی
تویوتا، لندکروز چهار در,2020,کارکرد صفر,تهران / زعفرانیه,توافقی
تویوتا، لندکروز چهار در,2020,کارکرد صفر,تهران / زعفرانیه,توافقی
تویوتا، لندکروز چهار در,2020,کارکرد صفر,تهران / زعفرانیه,توافقی
تویوتا، لندکروز چهار در,2020,کارکرد صفر,تهران / زعفرانیه,توافقی
تویوتا، لندکروز چهار در,2020,کارکرد صفر,تهران / زعفرانیه,توافقی
تویوتا، لندکروز چهار در,2020,کارکرد صفر,تهران / زعفرانیه,توافقی
تویوتا، لندکروز چهار در,2020,کارکرد صفر,تهران / زعفرانیه,توافقی
تویوتا، لندکروز چهار در,2020,کارکرد صفر,تهران / زعفرانیه,توافقی
تویوتا، لندکروز چهار در,2020,کارکرد صفر,تهران / زعفرانیه,توافقی
تویوتا، لندکروز چهار در,2020,کارکرد صفر,تهران / زعفرانیه,توافقی
تویوتا، لندکروز چهار در,2020,کارکرد صفر,تهران / زعفرانیه,توافقی
تویوتا، لندکروز چهار در,2020,کارکرد صفر,تهران / زعفرانیه,توافقی
تویوتا، لندکروز چهار در,2020,کارکرد صفر,تهران / زعفرانیه,توافقی
تویوتا، لندکروز چهار در,2020,کارکرد صفر,تهران / زعفرانیه,توافقی
تویوتا، لندکروز چهار در,2020,کارکرد صفر,تهران / زعفرانیه,توافقی
تویوتا، لندکروز چهار در,2020,کارکرد صفر,تهران / زعفرانیه,توافقی
تویوتا، لندکروز چهار در,2020,کارکرد صفر,تهران / زعفرانیه,توافقی
تویوتا، لندکروز چهار در,2020,کارکرد صفر,تهران / زعفرانیه,توافقی
تویوتا، لندکروز چهار در,2020,کارکرد صفر,تهران / زعفرانیه,توافقی
تویوتا، لندکروز چهار در,2020,کارکرد صفر,تهران / زعفرانیه,توافقی
تویوتا، لندکروز چهار در,2020,کارکرد صفر,تهران / زعفرانیه,توافقی
تویوتا، لندکروز چهار در,2020,کارکرد صفر,تهران / زعفرانیه,توافقی
تویوتا، لندکروز چهار در,2020,کارکرد صفر,تهران / زعفرانیه,توافقی
تویوتا، لندکروز چهار در,2020,کارکرد صفر,تهران / زعفرانیه,توافقی
تویوتا، لندکروز چهار در,2020,کارکرد صفر,تهران / زعفرانیه,توافقی
تویوتا، لندکروز چهار در,2020,کارکرد صفر,تهران / زعفرانیه,توافقی
تویوتا، لندکروز چهار در,2020,کارکرد صفر,تهران / زعفرانیه,توافقی
